City_ID,City,Country,Date,Lat,Lng,Max Temp,Humidity,Cloudiness,Wind Speed
0,Port Alfred,ZA,2022-02-02 22:51:29,-33.5906,26.891,73.44,96,100,7.96
1,San Juan,AR,2022-02-02 22:51:29,-31.5375,-68.5364,84.63,35,15,12.95
2,Cabo San Lucas,MX,2022-02-02 22:51:30,22.8909,-109.9124,75.51,69,27,3.0
3,Neiafu,TO,2022-02-02 22:51:30,-18.65,-173.9833,84.88,74,40,4.61
4,Ushuaia,AR,2022-02-02 22:47:31,-54.8,-68.3,44.26,57,75,25.32
5,Hilo,US,2022-02-02 22:51:31,19.7297,-155.09,80.33,69,75,6.91
6,Barrow,US,2022-02-02 22:47:43,71.2906,-156.7887,-20.18,69,0,3.44
7,Butaritari,KI,2022-02-02 22:47:39,3.0707,172.7902,81.66,79,28,17.27
8,Tuktoyaktuk,CA,2022-02-02 22:49:14,69.4541,-133.0374,-22.0,76,75,13.8
9,Bluff,NZ,2022-02-02 22:51:31,-46.6,168.3333,58.8,64,100,17.2
10,Avarua,CK,2022-02-02 22:49:25,-21.2078,-159.775,84.25,79,40,18.41
11,Rikitea,PF,2022-02-02 22:49:38,-23.1203,-134.9692,78.66,72,100,7.27
12,Tiksi,RU,2022-02-02 22:51:11,71.6872,128.8694,-5.15,97,100,6.85
13,Tasiilaq,GL,2022-02-02 22:49:46,65.6145,-37.6368,15.96,83,100,3.67
14,Bengkulu,ID,2022-02-02 22:48:11,-3.8004,102.2655,76.14,88,95,4.97
15,Namibe,AO,2022-02-02 22:51:32,-15.1961,12.1522,72.5,71,84,10.76
16,Atuona,PF,2022-02-02 22:51:33,-9.8,-139.0333,78.39,76,94,15.35
17,Mataura,NZ,2022-02-02 22:51:33,-46.1927,168.8643,58.48,92,100,3.98
18,Villazon,BO,2022-02-02 22:51:33,-22.0866,-65.5942,54.32,66,78,11.97
19,Thompson,CA,2022-02-02 22:51:34,55.7435,-97.8558,-9.24,59,20,12.66
20,Bodden Town,KY,2022-02-02 22:51:34,19.2833,-81.25,82.0,73,20,7.0
21,Cape Town,ZA,2022-02-02 22:46:49,-33.9258,18.4232,66.11,91,40,1.01
22,Beian,NO,2022-02-02 22:51:34,63.6559,9.5683,32.09,100,40,18.41
23,Laurel,US,2022-02-02 22:48:52,39.0993,-76.8483,47.59,73,0,1.99
24,Anzio,IT,2022-02-02 22:51:35,41.4853,12.6179,51.46,61,0,5.19
25,Punta Arenas,CL,2022-02-02 22:51:10,-53.15,-70.9167,48.31,71,75,8.05
26,Russell,US,2022-02-02 22:51:35,32.3502,-85.1999,70.88,40,20,16.11
27,Waingapu,ID,2022-02-02 22:51:36,-9.6567,120.2641,79.65,78,19,9.51
28,Victoria,HK,2022-02-02 22:47:38,22.2855,114.1577,59.95,93,100,1.01
29,Arraial Do Cabo,BR,2022-02-02 22:50:27,-22.9661,-42.0278,76.96,94,75,3.44
30,Kodiak,US,2022-02-02 22:46:44,57.79,-152.4072,36.91,87,100,4.61
31,Kahului,US,2022-02-02 22:50:42,20.8947,-156.47,82.42,66,20,13.8
32,Olafsvik,IS,2022-02-02 22:51:37,64.8945,-23.7142,30.25,52,98,4.27
33,Constitucion,CL,2022-02-02 22:51:37,-35.3333,-72.4167,62.73,77,38,7.92
34,Makakilo City,US,2022-02-02 22:50:11,21.3469,-158.0858,80.62,59,0,8.05
35,Lebu,CL,2022-02-02 22:50:26,-37.6167,-73.65,62.28,83,50,11.03
36,Jamestown,US,2022-02-02 22:50:16,42.097,-79.2353,39.09,65,100,1.99
37,Faanui,PF,2022-02-02 22:51:38,-16.4833,-151.75,81.14,72,17,19.46
38,Hermanus,ZA,2022-02-02 22:51:38,-34.4187,19.2345,65.89,87,4,12.1
39,Baruun-Urt,MN,2022-02-02 22:51:38,46.6806,113.2792,-11.96,94,65,3.31
40,Chuy,UY,2022-02-02 22:47:20,-33.6971,-53.4616,71.89,81,0,12.88
41,Izumo,JP,2022-02-02 22:51:39,35.3667,132.7667,40.95,70,75,6.91
42,East London,ZA,2022-02-02 22:51:39,-33.0153,27.9116,74.53,94,67,12.88
43,Kapaa,US,2022-02-02 22:49:57,22.0752,-159.319,80.58,67,0,1.99
44,Torrington,US,2022-02-02 22:51:40,41.8007,-73.1212,41.18,86,100,2.55
45,Joinville,BR,2022-02-02 22:49:28,-26.3044,-48.8456,82.31,80,40,6.91
46,Sonoita,MX,2022-02-02 22:52:40,31.85,-112.8333,53.53,11,0,26.89
47,New Norfolk,AU,2022-02-02 22:52:40,-42.7826,147.0587,60.71,53,74,4.0
48,Bredasdorp,ZA,2022-02-02 22:52:41,-34.5322,20.0403,69.12,73,39,1.14
49,Mahebourg,MU,2022-02-02 22:52:41,-20.4081,57.7,80.26,94,75,31.07
50,Nuuk,GL,2022-02-02 22:52:41,64.1835,-51.7216,2.95,69,100,12.28
51,Sorong,ID,2022-02-02 22:52:42,-0.8833,131.25,77.85,86,100,5.01
52,Mapiripan,CO,2022-02-02 22:52:42,2.8892,-72.1256,86.7,36,90,2.33
53,Kurchum,KZ,2022-02-02 22:52:42,48.5722,83.6542,-13.32,94,7,2.21
54,Ust-Kuyga,RU,2022-02-02 22:52:43,70.0167,135.6,-21.57,96,90,6.62
55,Puerto Ayora,EC,2022-02-02 22:52:43,-0.7393,-90.3518,82.36,89,31,4.0
56,Salamiyah,SY,2022-02-02 22:52:43,35.0113,37.0532,49.91,50,99,14.29
57,Shakawe,BW,2022-02-02 22:52:44,-18.3667,21.85,68.13,90,92,3.83
58,Vaini,TO,2022-02-02 22:52:44,-21.2,-175.2,86.16,74,40,5.75
59,Matagami,CA,2022-02-02 22:52:44,49.7502,-77.6328,5.11,61,75,8.05
60,Ginir,ET,2022-02-02 22:52:45,7.1333,40.7,58.05,47,86,1.66
61,Marsa Matruh,EG,2022-02-02 22:52:45,31.3525,27.2453,55.83,52,98,14.25
62,Mar Del Plata,AR,2022-02-02 22:48:56,-38.0023,-57.5575,78.82,61,0,6.91
63,Codrington,AU,2022-02-02 22:52:46,-38.2667,141.9667,59.79,63,89,14.38
64,Galeana,MX,2022-02-02 22:52:46,24.8333,-100.0667,78.31,20,0,5.46
65,Touros,BR,2022-02-02 22:52:47,-5.1989,-35.4608,83.3,72,33,12.86
66,Kudahuvadhoo,MV,2022-02-02 22:52:47,2.6708,72.8944,81.14,72,1,6.73
67,Albany,US,2022-02-02 22:51:59,42.6001,-73.9662,42.48,77,86,5.55
68,Juneau,US,2022-02-02 22:52:12,58.3019,-134.4197,28.85,95,100,0.0
69,Evensk,RU,2022-02-02 22:52:47,61.95,159.2333,22.35,38,100,28.07
70,Nikolskoye,RU,2022-02-02 22:49:53,59.7035,30.7861,21.09,98,99,0.87
71,Novopokrovka,UA,2022-02-02 22:52:48,49.8425,36.5477,30.58,100,100,1.28
72,Gera,DE,2022-02-02 22:52:48,50.8803,12.0819,37.02,69,60,7.11
73,Clyde River,CA,2022-02-02 22:50:54,70.4692,-68.5914,-16.37,76,100,6.91
74,Zwettl,AT,2022-02-02 22:52:49,48.6,15.1667,35.94,86,89,16.13
75,Baiyin,CN,2022-02-02 22:52:49,36.5583,104.2081,11.28,70,93,0.92
76,Chokurdakh,RU,2022-02-02 22:52:49,70.6333,147.9167,-21.08,98,93,7.23
77,Bethel,US,2022-02-02 22:52:50,41.3712,-73.414,41.59,100,100,1.86
78,Narsaq,GL,2022-02-02 22:52:50,60.9167,-46.05,1.15,64,65,8.28
79,Beringovskiy,RU,2022-02-02 22:49:35,63.05,179.3167,4.39,78,83,20.24
80,Oktyabrskoye,RU,2022-02-02 22:52:51,43.0645,44.7417,26.74,100,83,2.24
81,Bambous Virieux,MU,2022-02-02 22:52:51,-20.3428,57.7575,80.22,94,75,31.07
82,Vanderhoof,CA,2022-02-02 22:52:51,54.0166,-124.0198,13.77,91,100,3.94
83,Isiro,CD,2022-02-02 22:52:52,2.7739,27.616,68.81,44,99,2.08
84,Sarkand,KZ,2022-02-02 22:52:52,45.41,79.9186,16.75,65,66,7.4
85,Saldanha,ZA,2022-02-02 22:52:52,-33.0117,17.9442,66.25,88,63,7.94
86,Deputatskiy,RU,2022-02-02 22:52:53,69.3,139.9,-24.95,93,20,5.84
87,Pevek,RU,2022-02-02 22:52:53,69.7008,170.3133,-7.83,75,25,5.23
88,Komsomolskiy,UZ,2022-02-02 22:51:55,40.4272,71.7189,38.12,81,75,4.61
89,Qaanaaq,GL,2022-02-02 22:50:38,77.484,-69.3632,-13.7,83,100,6.87
90,Paamiut,GL,2022-02-02 22:53:54,61.994,-49.6678,9.64,62,100,17.83
91,Horta,PT,2022-02-02 22:53:54,38.5333,-28.6333,58.71,75,20,9.62
92,Hobart,AU,2022-02-02 22:53:20,-42.8794,147.3294,61.05,58,75,1.99
93,Hithadhoo,MV,2022-02-02 22:53:55,-0.6,73.0833,81.61,69,47,3.76
94,Kavieng,PG,2022-02-02 22:53:55,-2.5744,150.7967,78.96,84,100,14.27
95,Los Llanos De Aridane,ES,2022-02-02 22:49:10,28.6585,-17.9182,64.15,67,75,15.99
96,Tiznit,MA,2022-02-02 22:53:55,29.5833,-9.5,66.69,25,66,7.54
97,Svetlogorsk,BY,2022-02-02 22:53:56,52.6333,29.7333,29.46,97,99,7.96
98,Hamilton,US,2022-02-02 22:49:00,39.1834,-84.5333,45.12,95,100,1.01
99,Atherton,GB,2022-02-02 22:53:56,53.5237,-2.4935,49.28,87,100,3.0
100,Merke,KZ,2022-02-02 22:53:57,42.8728,73.1786,33.03,70,100,4.72
101,Nabire,ID,2022-02-02 22:53:57,-3.3667,135.4833,77.59,85,100,2.1
102,Fortuna,US,2022-02-02 22:53:57,40.5982,-124.1573,58.48,73,0,3.0
103,Upernavik,GL,2022-02-02 22:51:42,72.7868,-56.1549,-8.32,67,97,9.95
104,Rio Gallegos,AR,2022-02-02 22:53:24,-51.6226,-69.2181,60.85,59,75,13.8
105,Terrace,CA,2022-02-02 22:53:58,54.5163,-128.6035,19.31,93,100,9.22
106,Nova Londrina,BR,2022-02-02 22:53:58,-22.7658,-52.985,74.93,84,89,7.43
107,Sakaiminato,JP,2022-02-02 22:53:59,35.55,133.2333,40.98,65,75,11.5
108,Khatanga,RU,2022-02-02 22:53:59,71.9667,102.5,-36.31,98,51,2.13
109,Honningsvag,NO,2022-02-02 22:53:59,70.9821,25.9704,27.7,72,92,10.4
110,Guerrero Negro,MX,2022-02-02 22:54:00,27.9769,-114.0611,64.6,44,2,13.82
111,Ilebo,CD,2022-02-02 22:54:00,-4.3167,20.5833,72.25,96,100,1.43
112,Ust-Omchug,RU,2022-02-02 22:54:00,61.15,149.6333,-9.54,98,99,6.4
113,Bonthe,SL,2022-02-02 22:54:01,7.5264,-12.505,77.88,88,34,7.14
114,Saint George,US,2022-02-02 22:52:08,37.1041,-113.5841,43.63,18,0,5.99
115,Dosso,NE,2022-02-02 22:54:01,13.049,3.1937,67.41,10,3,7.49
116,Gberia Fotombu,SL,2022-02-02 22:54:02,9.8833,-11.1667,74.39,13,95,5.21
117,Baykit,RU,2022-02-02 22:54:02,61.67,96.37,1.54,99,100,2.06
118,Erzin,TR,2022-02-02 22:54:02,36.9559,36.2,50.52,76,45,9.6
119,Castro,BR,2022-02-02 22:54:03,-24.7911,-50.0119,65.95,92,40,5.7
120,Gizo,SB,2022-02-02 22:54:03,-8.103,156.8419,82.49,78,100,15.23
121,Tuatapere,NZ,2022-02-02 22:54:03,-46.1333,167.6833,58.82,81,100,7.2
122,Raudeberg,NO,2022-02-02 22:54:00,61.9875,5.1352,32.67,83,100,3.0
123,Tarko-Sale,RU,2022-02-02 22:54:04,64.9225,77.785,-9.63,97,58,13.13
124,Bereda,ES,2022-02-02 22:54:04,43.2686,-7.5406,47.91,96,95,1.9
125,Yenagoa,NG,2022-02-02 22:54:04,4.9247,6.2642,79.5,74,7,5.68
126,Saskylakh,RU,2022-02-02 22:54:05,71.9167,114.0833,-30.6,100,28,3.04
127,Georgetown,MY,2022-02-02 22:49:14,5.4112,100.3354,80.53,90,20,3.0
128,San Patricio,US,2022-02-02 22:53:52,28.017,-97.5169,78.78,75,88,12.21
129,Coquimbo,CL,2022-02-02 22:54:05,-29.9533,-71.3436,67.73,72,0,9.22
130,Ponta Do Sol,PT,2022-02-02 22:54:06,32.6667,-17.1,67.01,73,100,6.08
131,Busselton,AU,2022-02-02 22:49:33,-33.65,115.3333,68.04,44,100,14.58
132,Rabo De Peixe,PT,2022-02-02 22:54:06,37.8,-25.5833,57.27,94,20,5.75
133,Guru Har Sahai,IN,2022-02-02 22:54:06,30.7167,74.4167,51.49,72,96,10.54
134,Ribeira Grande,PT,2022-02-02 22:54:07,38.5167,-28.7,59.68,74,9,9.6
135,La Ronge,CA,2022-02-02 22:55:07,55.1001,-105.2842,-10.95,40,0,2.3
136,Ketchikan,US,2022-02-02 22:54:44,55.3422,-131.6461,37.38,94,100,4.59
137,Praya,CV,2022-02-02 22:55:08,14.9215,-23.5087,72.14,68,2,20.71
138,Ugoofaaru,MV,2022-02-02 22:51:17,5.6667,73.0,81.19,71,19,6.67
139,Longyearbyen,SJ,2022-02-02 22:51:55,78.2186,15.6401,15.64,67,0,20.71
140,Corsicana,US,2022-02-02 22:55:08,32.0954,-96.4689,42.89,89,100,5.99
141,Hasaki,JP,2022-02-02 22:55:09,35.7333,140.8333,27.0,52,44,12.08
142,Taltal,CL,2022-02-02 22:55:09,-25.4,-70.4833,69.26,72,20,6.6
143,Provideniya,RU,2022-02-02 22:55:09,64.3833,-173.3,10.51,72,75,35.79
144,Gat,IL,2022-02-02 22:50:23,31.61,34.7642,51.82,54,98,2.57
145,Paracuru,BR,2022-02-02 22:55:10,-3.41,-39.0306,82.42,81,20,9.37
146,Saint-Philippe,RE,2022-02-02 22:55:10,-21.3585,55.7679,80.19,95,100,36.08
147,Dhidhdhoo,MV,2022-02-02 22:55:10,6.8833,73.1,80.6,73,18,10.36
148,Kaitangata,NZ,2022-02-02 22:55:11,-46.2817,169.8464,54.03,94,100,5.06
149,General Roca,AR,2022-02-02 22:55:11,-39.0333,-67.5833,90.0,23,6,20.36
150,Vysokogornyy,RU,2022-02-02 22:55:12,50.1167,139.15,-10.41,100,98,3.87
151,Carnarvon,AU,2022-02-02 22:55:12,-24.8667,113.6333,77.07,88,67,11.5
152,Henties Bay,NA,2022-02-02 22:55:12,-22.116,14.2845,68.86,81,63,5.06
153,Axim,GH,2022-02-02 22:55:13,4.8699,-2.2405,80.04,82,20,9.15
154,Zhumadian,CN,2022-02-02 22:55:13,32.9794,114.0294,30.94,68,81,5.46
155,Santa Lucia,ES,2022-02-02 22:55:14,27.9117,-15.5407,63.72,53,20,26.46
156,Lastoursville,GA,2022-02-02 22:55:14,-0.8143,12.7287,74.1,94,98,2.8
157,Neuquen,AR,2022-02-02 22:55:14,-38.9516,-68.0591,89.49,25,40,9.22
158,Santa Maria Da Vitoria,BR,2022-02-02 22:55:15,-13.3947,-44.1886,75.63,80,59,3.22
159,Cayenne,GF,2022-02-02 22:55:15,4.9333,-52.3333,80.1,84,100,5.01
160,Allapalli,IN,2022-02-02 22:55:15,19.4167,80.0667,61.11,47,32,3.8
161,Broken Hill,AU,2022-02-02 22:55:16,-31.95,141.4333,58.71,55,0,24.16
162,Fort Thomas,US,2022-02-02 22:54:06,39.0751,-84.4472,44.92,95,100,0.0
163,Bom Despacho,BR,2022-02-02 22:55:16,-19.7364,-45.2522,68.94,94,100,3.6
164,Esperance,AU,2022-02-02 22:55:17,-33.8667,121.9,58.84,64,4,16.13
165,Severnyy,RU,2022-02-02 22:55:17,50.677,36.5532,26.64,100,75,4.47
166,Honiara,SB,2022-02-02 22:55:18,-9.4333,159.95,83.64,78,100,6.29
167,Lompoc,US,2022-02-02 22:55:18,34.6391,-120.4579,67.51,20,0,14.97
168,Malakal,SS,2022-02-02 22:55:18,9.5334,31.6605,79.3,25,100,5.19
169,Daru,PG,2022-02-02 22:55:19,-9.0763,143.2092,79.41,71,100,6.04
170,Kununurra,AU,2022-02-02 22:55:19,-15.7667,128.7333,78.78,89,40,5.75
171,Aksu,CN,2022-02-02 22:51:39,41.1231,80.2644,22.12,55,93,1.66
172,Salalah,OM,2022-02-02 22:51:01,17.0151,54.0924,72.28,29,0,11.05
173,Ntungamo,UG,2022-02-02 22:55:20,-0.8833,29.65,67.71,70,100,3.42
174,Birjand,IR,2022-02-02 22:55:20,32.8663,59.2211,32.47,74,0,6.91
175,Marovoay,MG,2022-02-02 22:55:20,-16.1,46.6333,80.74,89,100,0.27
176,Gao,ML,2022-02-02 22:51:31,16.6362,1.637,65.64,11,0,10.38
177,Morehead,US,2022-02-02 22:55:21,37.2711,-87.1764,51.15,93,100,0.0
178,Sisimiut,GL,2022-02-02 22:55:21,66.9395,-53.6735,0.07,79,100,19.93
179,Kyren,RU,2022-02-02 22:54:47,51.6828,102.1408,0.21,85,72,1.34
180,San Jeronimo,PE,2022-02-02 22:56:22,-11.9472,-75.2829,57.7,64,65,3.83
181,Chernyshevskiy,RU,2022-02-02 22:56:22,63.0128,112.4714,-21.98,98,50,1.14
182,Tapes,BR,2022-02-02 22:56:22,-30.6733,-51.3958,76.26,83,0,16.53
183,Bose,IT,2022-02-02 22:56:23,45.4612,8.0137,49.24,60,0,6.04
184,Flinders,AU,2022-02-02 22:54:35,-34.5833,150.8552,69.19,69,76,11.99
185,San Fernando,PH,2022-02-02 22:56:23,15.0286,120.6898,78.82,81,42,4.9
186,Bad Freienwalde,DE,2022-02-02 22:56:24,52.7873,14.0304,39.38,90,66,4.0
187,Kampot,KH,2022-02-02 22:56:24,10.6167,104.1833,78.85,85,43,3.31
188,Amazar,RU,2022-02-02 22:56:24,53.858,120.875,-14.89,95,26,4.45
189,Saint-Augustin,CA,2022-02-02 22:53:59,51.226,-58.6502,23.72,89,100,23.73
190,Severo-Kurilsk,RU,2022-02-02 22:56:25,50.6789,156.125,29.14,78,98,7.54
191,Jinchang,CN,2022-02-02 22:56:25,38.4953,102.1739,17.83,38,42,4.12
192,Pacific Grove,US,2022-02-02 22:56:25,36.6177,-121.9166,65.43,27,0,1.99
193,Raga,SS,2022-02-02 22:56:26,8.4596,25.678,74.86,23,92,3.76
194,Phimai,TH,2022-02-02 22:56:26,15.2232,102.4947,80.26,70,72,5.53
195,Porto Novo,BJ,2022-02-02 22:53:47,6.4965,2.6036,76.46,77,1,5.46
196,Yellowknife,CA,2022-02-02 22:55:58,62.456,-114.3525,-24.45,75,20,3.44
197,Kailua,US,2022-02-02 22:56:27,21.4022,-157.7394,81.07,65,40,6.91
198,Pisco,PE,2022-02-02 22:51:36,-13.7,-76.2167,77.05,57,0,20.71
199,Yumaguzino,RU,2022-02-02 22:56:27,52.9041,56.3933,28.6,91,100,9.69
200,Sao Filipe,CV,2022-02-02 22:56:27,14.8961,-24.4956,75.49,65,3,14.38
201,Mayachnyy,RU,2022-02-02 22:56:28,52.6839,55.685,24.21,97,100,11.01
202,Fort Nelson,CA,2022-02-02 22:56:28,58.8053,-122.7002,-6.21,77,100,6.91
203,Pemba,MZ,2022-02-02 22:56:28,-12.974,40.5178,79.5,88,20,5.99
204,Kruisfontein,ZA,2022-02-02 22:53:16,-34.0033,24.7314,68.88,92,100,7.38
205,La Palma,US,2022-02-02 22:56:29,33.8464,-118.0467,69.04,15,0,4.0
206,King City,US,2022-02-02 22:56:29,36.2127,-121.126,65.77,23,0,14.74
207,Methoni,GR,2022-02-02 22:52:12,36.8197,21.7049,49.21,82,100,14.65
208,Tilichiki,RU,2022-02-02 22:56:30,60.4667,166.1,2.55,82,100,10.56
209,Vostok,RU,2022-02-02 22:51:56,46.4856,135.8833,-5.37,99,100,3.56
210,Pangnirtung,CA,2022-02-02 22:56:30,66.1451,-65.7125,6.8,78,100,23.02
211,Chippewa Falls,US,2022-02-02 22:56:30,44.9369,-91.3929,8.78,53,99,10.78
212,Grand Valley,CA,2022-02-02 22:56:31,43.9001,-80.3164,31.66,95,100,11.79
213,Dingle,PH,2022-02-02 22:52:05,10.9995,122.6711,75.81,90,100,9.13
214,Hobyo,SO,2022-02-02 22:56:31,5.3505,48.5268,78.3,70,93,19.98
215,Jalu,LY,2022-02-02 22:56:31,29.0331,21.5482,52.39,59,45,16.71
216,Kaputa,ZM,2022-02-02 22:56:32,-8.4689,29.6619,68.45,90,100,2.08
217,Airai,TL,2022-02-02 22:56:32,-8.9266,125.4092,62.89,85,100,2.77
218,Troitskoye,RU,2022-02-02 22:56:33,52.9821,84.6757,-3.5,100,82,2.46
219,Kirakira,SB,2022-02-02 22:56:33,-10.4544,161.9205,83.66,77,100,7.78
220,Batemans Bay,AU,2022-02-02 22:54:35,-35.7167,150.1833,66.99,50,10,8.68
221,Haines Junction,CA,2022-02-02 22:56:33,60.7522,-137.5108,1.35,60,100,2.3
222,Maua,BR,2022-02-02 22:56:34,-23.6678,-46.4614,69.6,94,100,3.38
223,Asau,RO,2022-02-02 22:56:34,46.4333,26.4,22.28,89,87,6.24
224,Marsaxlokk,MT,2022-02-02 22:56:34,35.8419,14.5431,56.08,87,0,12.66
225,Qunduz,AF,2022-02-02 22:56:35,36.729,68.857,43.74,84,99,5.64
226,Norman Wells,CA,2022-02-02 22:56:35,65.282,-126.8329,-21.96,69,75,13.8
227,Rawson,AR,2022-02-02 22:56:35,-43.3002,-65.1023,71.94,43,100,13.15
228,Palauig,PH,2022-02-02 22:56:36,15.435,119.9045,76.93,69,24,3.53
229,Malpe,IN,2022-02-02 22:57:36,13.35,74.7167,76.3,91,2,4.14
230,Bergen,NO,2022-02-02 22:57:36,60.392,5.328,36.64,95,75,9.22
231,Luganville,VU,2022-02-02 22:57:37,-15.5333,167.1667,85.48,70,66,0.65
232,Margate,GB,2022-02-02 22:54:30,51.3813,1.3862,47.75,88,100,4.0
233,Katsuura,JP,2022-02-02 22:57:11,35.1333,140.3,42.19,51,44,8.3
234,Inhambane,MZ,2022-02-02 22:57:37,-23.865,35.3833,75.88,86,13,5.86
235,Talaya,RU,2022-02-02 22:57:38,61.3833,152.75,-9.99,97,100,5.41
236,Sioux Lookout,CA,2022-02-02 22:57:38,50.1001,-91.917,-9.02,64,100,12.66
237,Sistranda,NO,2022-02-02 22:57:38,63.7256,8.834,31.96,60,94,22.39
238,Broome,US,2022-02-02 22:57:39,42.2506,-75.833,40.69,71,100,4.0
239,Port Hardy,CA,2022-02-02 22:57:39,50.6996,-127.4199,37.58,93,100,14.97
240,Nanortalik,GL,2022-02-02 22:57:39,60.1432,-45.2371,8.1,63,43,7.74
241,Riom,FR,2022-02-02 22:57:40,45.9167,2.9167,36.25,93,41,2.71
242,Arilje,RS,2022-02-02 22:57:40,43.7531,20.0956,41.36,95,98,3.56
243,Sawtell,AU,2022-02-02 22:57:40,-30.3833,153.1,71.92,94,75,12.66
244,Loreto,MX,2022-02-02 22:57:41,22.2667,-101.9667,75.96,16,0,18.05
245,Rome,US,2022-02-02 22:54:20,34.257,-85.1647,55.94,81,100,1.99
246,Cap Malheureux,MU,2022-02-02 22:54:02,-19.9842,57.6142,80.47,83,100,18.01
247,Kambove,CD,2022-02-02 22:57:41,-10.8764,26.5969,60.44,97,100,2.86
248,Lata,PT,2022-02-02 22:57:41,40.1629,-8.3327,49.06,73,96,2.35
249,Arkhara,RU,2022-02-02 22:57:42,49.4212,130.0842,-29.49,100,87,2.51
250,Araouane,ML,2022-02-02 22:57:42,18.9048,-3.5265,64.63,13,72,11.16
251,Benavente,ES,2022-02-02 22:57:43,42.0025,-5.6783,43.99,68,90,3.09
252,Durazno,UY,2022-02-02 22:57:43,-33.4131,-56.5006,89.55,40,0,4.61
253,Vacaria,BR,2022-02-02 22:57:43,-28.5122,-50.9339,76.71,56,12,4.65
254,Kalaikunda,IN,2022-02-02 22:57:44,22.35,87.25,65.26,86,0,1.79
255,Kattivakkam,IN,2022-02-02 22:57:44,13.2167,80.3167,76.06,76,6,4.5
256,Sorland,NO,2022-02-02 22:57:44,67.667,12.6934,28.53,59,100,15.55
257,Shieli,KZ,2022-02-02 22:57:45,44.1667,66.75,24.44,95,7,3.71
258,Coromandel,BR,2022-02-02 22:55:27,-18.4733,-47.2003,67.23,94,100,3.74
259,Saint-Michel-Des-Saints,CA,2022-02-02 22:57:45,46.6834,-73.9159,28.94,97,100,7.38
260,Pochutla,MX,2022-02-02 22:57:45,15.7432,-96.4661,83.82,52,0,8.86
261,Roberval,CA,2022-02-02 22:57:46,48.5168,-72.2324,32.63,86,100,12.66
262,Chicama,PE,2022-02-02 22:57:46,-7.8447,-79.1469,66.74,64,8,11.14
263,Urucara,BR,2022-02-02 22:57:46,-2.5364,-57.76,75.47,95,100,0.4
264,Sola,VU,2022-02-02 22:57:47,-13.8833,167.55,83.07,84,100,0.0
265,Eyl,SO,2022-02-02 22:54:02,7.9803,49.8164,73.15,77,6,14.2
266,Kiunga,PG,2022-02-02 22:57:47,-6.1219,141.2906,79.52,70,95,1.07
267,Port-Gentil,GA,2022-02-02 22:55:19,-0.7193,8.7815,80.71,78,22,10.67
268,Vestmannaeyjar,IS,2022-02-02 22:57:48,63.4427,-20.2734,27.59,100,20,5.75
269,Sao Jose Da Coroa Grande,BR,2022-02-02 22:57:48,-8.8978,-35.1478,80.19,76,27,10.33
270,Gayeri,BF,2022-02-02 22:57:48,12.6497,0.4931,69.58,10,5,7.34
271,Talnakh,RU,2022-02-02 22:57:49,69.4865,88.3972,-7.55,99,93,6.22
272,Port Elizabeth,ZA,2022-02-02 22:55:28,-33.918,25.5701,71.1,100,75,8.05
273,Ilulissat,GL,2022-02-02 22:56:27,69.2167,-51.1,-8.21,55,88,16.73
274,Najran,SA,2022-02-02 22:54:04,17.4924,44.1277,56.05,42,3,3.11
275,Ostrovnoy,RU,2022-02-02 22:57:50,68.0531,39.5131,20.79,91,100,14.63
276,Kraslava,LV,2022-02-02 22:58:50,55.8951,27.168,23.67,95,100,4.63
277,Iracoubo,GF,2022-02-02 22:58:50,5.4802,-53.2011,78.39,82,68,12.03
278,Berlevag,NO,2022-02-02 22:58:51,70.8578,29.0864,26.85,64,100,11.88
279,Deer Lake,CA,2022-02-02 22:58:51,49.1667,-57.4316,22.86,58,40,11.5
280,Klaksvik,FO,2022-02-02 22:58:51,62.2266,-6.589,40.12,72,100,14.88
281,Kourou,GF,2022-02-02 22:58:52,5.1552,-52.6478,80.11,84,74,9.53
282,Mitsamiouli,KM,2022-02-02 22:58:52,-11.3847,43.2844,81.21,75,84,3.51
283,Providencia,MX,2022-02-02 22:58:52,28.7167,-111.5833,71.2,40,16,21.63
284,Baisha,CN,2022-02-02 22:58:53,26.5222,110.9311,34.7,92,99,1.68
285,Souillac,MU,2022-02-02 22:58:53,-20.5167,57.5167,80.37,94,75,31.07
286,Dali,CN,2022-02-02 22:58:53,25.7,100.1833,33.67,86,4,3.78
287,Atar,MR,2022-02-02 22:58:26,20.5169,-13.0499,74.07,19,0,8.34
288,Half Moon Bay,US,2022-02-02 22:58:16,37.4636,-122.4286,65.1,30,0,4.0
289,Goderich,CA,2022-02-02 22:58:54,43.7501,-81.7165,27.91,93,100,12.66
290,Agustin Codazzi,CO,2022-02-02 22:58:54,10.0341,-73.2361,94.98,43,32,5.1
291,Prince George,CA,2022-02-02 22:58:54,53.9166,-122.753,13.24,87,100,1.01
292,Hofn,IS,2022-02-02 22:58:55,64.2539,-15.2082,30.11,56,100,7.76
293,Kichmengskiy Gorodok,RU,2022-02-02 22:58:55,59.9816,45.7854,20.37,94,100,7.43
294,Anchorage,US,2022-02-02 22:56:35,61.2181,-149.9003,21.67,84,0,1.01
295,Rawlins,US,2022-02-02 22:58:56,41.7911,-107.2387,14.43,66,98,6.22
296,Casas Grandes,MX,2022-02-02 22:58:56,30.3667,-107.95,53.44,39,99,24.74
297,Dikson,RU,2022-02-02 22:58:56,73.5069,80.5464,-8.01,98,93,10.04
298,Iquitos,PE,2022-02-02 22:58:57,-3.7481,-73.2472,80.64,83,75,5.75
299,Urusha,RU,2022-02-02 22:58:57,54.05,122.9,-14.94,91,28,4.05
300,Naze,JP,2022-02-02 22:58:57,28.3667,129.4833,54.52,88,100,24.29
301,Acapulco,MX,2022-02-02 22:58:38,16.8634,-99.8901,80.2,60,0,8.7
302,Saint-Joseph,RE,2022-02-02 22:58:58,-21.3667,55.6167,79.18,93,100,34.27
303,Rabak,SD,2022-02-02 22:58:58,13.1809,32.74,74.64,19,58,10.89
304,Meulaboh,ID,2022-02-02 22:58:14,4.1363,96.1285,75.81,86,66,4.27
305,Sao Benedito Do Rio Preto,BR,2022-02-02 22:58:58,-3.3336,-43.5283,78.17,77,97,6.44
306,Hotonj,BA,2022-02-02 22:58:59,43.8947,18.3728,33.3,100,75,3.0
307,Noumea,NC,2022-02-02 22:54:06,-22.2763,166.4572,85.98,62,64,8.3
308,Ilanskiy,RU,2022-02-02 22:58:59,56.2358,96.065,-2.69,99,100,2.86
309,Valparaiso,CL,2022-02-02 22:56:47,-33.0393,-71.6273,75.43,59,0,9.22
310,Le Moule,GP,2022-02-02 22:59:00,16.3332,-61.3473,78.84,100,0,10.4
311,Kenai,US,2022-02-02 22:59:00,60.5544,-151.2583,23.02,86,100,5.59
312,Duliagaon,IN,2022-02-02 22:59:00,27.3667,95.3167,55.56,79,98,2.04
313,Kutum,SD,2022-02-02 22:59:01,14.2,24.6667,65.14,22,39,9.91
314,Esil,KZ,2022-02-02 22:59:01,51.9556,66.4042,15.89,88,100,6.26
315,Poum,NC,2022-02-02 22:59:01,-20.2333,164.0167,80.1,75,0,5.88
316,Ojinaga,MX,2022-02-02 22:59:02,29.5667,-104.4167,58.15,38,75,10.36
317,Zaozerne,UA,2022-02-02 22:59:02,45.1582,33.2787,43.95,95,100,8.19
318,Villagarzon,CO,2022-02-02 22:59:03,1.0375,-76.6267,77.5,77,61,1.68
319,Ust-Ilimsk,RU,2022-02-02 22:59:03,58.0006,102.6619,-10.17,100,94,3.62
320,Nome,US,2022-02-02 22:59:03,64.5011,-165.4064,9.1,77,79,21.72
321,Conde,BR,2022-02-02 22:59:04,-7.2597,-34.9075,80.06,74,20,8.05
322,Port Lincoln,AU,2022-02-02 22:55:17,-34.7333,135.8667,64.8,68,23,16.31
323,Grand Gaube,MU,2022-02-02 22:59:04,-20.0064,57.6608,80.38,82,100,18.01
324,Quincy,US,2022-02-02 22:59:04,42.2529,-71.0023,42.26,90,100,1.99
325,Sur,OM,2022-02-02 22:59:25,22.5667,59.5289,71.51,57,4,18.07
326,Zarichne,UA,2022-02-02 23:00:05,51.8126,26.129,27.28,94,100,13.47
327,Ancud,CL,2022-02-02 23:00:08,-41.8697,-73.8203,67.23,78,96,5.59
328,Kavaratti,IN,2022-02-02 23:00:09,10.5669,72.642,79.39,73,15,11.16
329,Sept-Iles,CA,2022-02-02 22:57:02,50.2001,-66.3821,27.05,91,100,3.0
330,Balkanabat,TM,2022-02-02 23:00:12,39.5108,54.3671,50.63,32,6,8.86
331,Tual,ID,2022-02-02 23:00:12,-5.6667,132.75,82.99,73,100,8.59
332,Uglegorsk,RU,2022-02-02 23:00:13,49.0833,142.0333,7.18,88,98,13.71
333,Isla Vista,US,2022-02-02 23:00:16,34.4133,-119.861,67.73,36,0,1.99
334,Vardo,NO,2022-02-02 23:00:17,70.3705,31.1107,21.4,60,100,18.9
335,Isangel,VU,2022-02-02 22:56:26,-19.55,169.2667,86.11,84,75,3.44
336,Tokur,RU,2022-02-02 23:00:18,53.1333,132.9,-29.51,100,31,2.71
337,Port Keats,AU,2022-02-02 23:00:19,-14.25,129.55,82.87,74,71,11.65
338,Puerto Escondido,MX,2022-02-02 23:00:21,15.85,-97.0667,81.55,62,3,7.76
339,Kovur,IN,2022-02-02 23:00:22,14.4833,79.9833,66.79,79,5,6.64
340,Nhulunbuy,AU,2022-02-02 23:00:22,-12.2333,136.7667,83.01,83,100,10.36
341,Thinadhoo,MV,2022-02-02 23:00:23,0.5333,72.9333,82.2,71,8,6.51
342,Sobolevo,RU,2022-02-02 23:00:24,54.4299,31.8996,24.67,97,100,7.92
343,Alihe,CN,2022-02-02 23:00:25,50.5667,123.7167,-11.9,97,60,3.36
344,Zmeinogorsk,RU,2022-02-02 23:00:26,51.1567,82.195,-6.05,100,74,2.35
345,Miechow,PL,2022-02-02 23:00:27,50.3565,20.0279,33.58,89,97,12.19
346,Lavrentiya,RU,2022-02-02 23:00:27,65.5833,-171.0,1.06,68,0,22.32
347,Tigil,RU,2022-02-02 23:00:28,57.8,158.6667,11.7,91,97,3.18
348,Rapid City,US,2022-02-02 23:00:29,44.0805,-103.231,8.73,65,100,5.01
349,Batticaloa,LK,2022-02-02 23:00:29,7.7102,81.6924,76.14,70,77,2.64
350,Sao Joao Da Barra,BR,2022-02-02 23:00:30,-21.6403,-41.0511,74.88,90,100,6.85
351,Marsh Harbour,BS,2022-02-02 23:00:30,26.5412,-77.0636,71.46,63,8,16.24
352,Beira,MZ,2022-02-02 23:00:31,-19.8436,34.8389,75.67,86,13,5.39
353,Naryan-Mar,RU,2022-02-02 23:00:31,67.6713,53.087,7.56,96,100,7.45
354,Teguise,ES,2022-02-02 23:00:31,29.0605,-13.564,70.02,28,0,4.61
355,Bonavista,CA,2022-02-02 23:00:32,48.6499,-53.1147,24.12,71,29,19.55
356,Dzilam Gonzalez,MX,2022-02-02 23:00:32,21.2833,-88.9333,84.96,51,1,7.34
357,Ken Caryl,US,2022-02-02 22:59:52,39.5773,-105.1169,18.52,78,100,5.01
358,Kardla,EE,2022-02-02 22:59:09,58.9978,22.7492,16.02,77,71,7.18
359,Mount Isa,AU,2022-02-02 23:00:33,-20.7333,139.5,80.37,78,75,9.22
360,Barranca,PE,2022-02-02 23:00:34,-10.75,-77.7667,72.37,74,3,10.22
361,Tazovskiy,RU,2022-02-02 23:00:34,67.4667,78.7,-14.57,99,95,9.08
362,Fuzhou,CN,2022-02-02 23:00:05,26.0614,119.3061,49.53,97,100,1.77
363,Arkhangelsk,RU,2022-02-02 23:00:34,64.5401,40.5433,12.31,85,100,2.24
364,Lucapa,AO,2022-02-02 23:00:35,-8.4192,20.7447,65.23,96,95,2.51
365,Magadan,RU,2022-02-02 23:00:35,59.5667,150.8,13.01,79,100,8.97
366,Sharjah,AE,2022-02-02 22:57:44,25.3573,55.4033,70.25,66,0,2.3
367,Ballina,AU,2022-02-02 22:57:57,-28.8667,153.5667,75.16,96,100,6.91
368,Presque Isle,US,2022-02-02 23:00:36,46.6811,-68.0159,36.18,77,100,4.0
369,Basmat,IN,2022-02-02 23:00:37,19.3167,77.1667,67.28,31,5,2.04
370,Fukue,JP,2022-02-02 23:01:37,32.6881,128.8419,45.99,58,100,18.59
371,Duyun,CN,2022-02-02 23:01:37,26.2667,107.5167,32.25,92,100,3.51
372,Yulara,AU,2022-02-02 23:01:38,-25.2406,130.9889,66.61,63,100,18.75
373,Erdenet,MN,2022-02-02 23:01:38,49.0333,104.0833,-8.61,90,13,5.14
374,Bukama,CD,2022-02-02 23:01:38,-9.2,25.85,68.2,96,100,0.81
375,Nioro,GM,2022-02-02 23:01:39,13.35,-15.75,77.85,53,61,6.29
376,Lloydminster,CA,2022-02-02 23:01:39,53.2835,-110.0016,-13.81,92,36,10.45
377,Kamenka,RU,2022-02-02 23:00:44,51.3223,42.7678,31.75,99,100,5.14
378,Svarstad,NO,2022-02-02 23:01:40,59.399,9.9698,28.76,80,99,4.23
379,Athabasca,CA,2022-02-02 22:59:45,54.7169,-113.2854,-5.39,88,100,10.49
380,Lagoa,PT,2022-02-02 23:01:40,39.05,-27.9833,58.17,73,5,7.61
381,Lianzhou,CN,2022-02-02 23:01:41,24.7811,112.3825,36.93,99,98,3.49
382,Hualmay,PE,2022-02-02 23:01:41,-11.0964,-77.6139,73.24,73,5,12.66
383,Petropavlovsk-Kamchatskiy,RU,2022-02-02 23:01:41,53.0452,158.6483,25.39,80,75,4.47
384,Hovd,MN,2022-02-02 23:01:42,48.0056,91.6419,-5.87,99,95,0.49
385,Maltahohe,NA,2022-02-02 23:01:42,-24.8333,16.9833,70.34,54,37,4.27
386,Honolulu,US,2022-02-02 22:58:54,21.3069,-157.8583,80.31,63,3,8.01
387,Krasnyy Kholm,RU,2022-02-02 23:01:42,58.0607,37.1203,12.49,99,100,3.22
388,Jilib,SO,2022-02-02 23:01:43,0.4883,42.7854,76.86,86,100,7.63
389,Orlovskiy,RU,2022-02-02 23:01:43,46.8714,42.0592,36.81,88,100,9.86
390,Shiyan,CN,2022-02-02 23:00:47,32.6475,110.7781,34.18,60,100,1.86
391,Union,US,2022-02-02 23:01:44,40.6334,-74.2663,41.95,92,100,5.75
392,Tucuma,BR,2022-02-02 23:01:44,-0.1833,-50.05,75.34,94,95,7.11
393,Ossora,RU,2022-02-02 23:01:44,59.2353,163.0719,15.76,73,100,11.63
394,Whitehorse,CA,2022-02-02 22:58:22,60.7161,-135.0538,-3.98,71,75,8.05
395,Rexburg,US,2022-02-02 23:01:45,43.826,-111.7897,11.71,85,75,5.75
396,Shirokiy,RU,2022-02-02 23:01:45,49.758,129.523,-24.93,100,21,4.36
397,Adre,TD,2022-02-02 23:01:46,13.4667,22.2,63.77,19,4,8.86
398,Saint-Francois,FR,2022-02-02 23:01:46,46.4154,3.9054,43.41,93,100,3.44
399,Noyabrsk,RU,2022-02-02 23:01:46,63.1994,75.4507,14.4,95,100,13.47
400,Yerbogachen,RU,2022-02-02 23:01:47,61.2767,108.0108,-4.76,99,98,3.56
401,Alofi,NU,2022-02-02 22:59:36,-19.0595,-169.9187,78.69,78,75,9.22
402,San Andres,CO,2022-02-02 23:00:17,12.5847,-81.7006,79.83,74,7,12.21
403,Puerto Del Rosario,ES,2022-02-02 23:01:47,28.5004,-13.8627,73.08,37,0,6.91
404,Flin Flon,CA,2022-02-02 22:58:10,54.7682,-101.865,-11.36,53,0,12.66
405,Roald,NO,2022-02-02 22:58:47,62.5833,6.1333,33.94,80,0,10.36
406,Tarabha,IN,2022-02-02 23:01:48,20.7333,83.65,59.86,41,0,2.89
407,Hojai,IN,2022-02-02 23:01:48,26.0,92.8667,53.91,92,15,4.14
408,Tirat Karmel,IL,2022-02-02 23:01:48,32.7617,34.9719,57.61,57,74,9.71
409,Astoria,US,2022-02-02 23:01:49,46.1879,-123.8313,46.56,96,100,1.99
410,Saint-Georges,GD,2022-02-02 22:59:19,12.0564,-61.7485,80.28,69,20,24.16
411,Armizonskoye,RU,2022-02-02 23:01:49,55.9461,67.6736,10.76,97,89,7.9
412,Batagay,RU,2022-02-02 23:01:50,67.6333,134.6333,-33.68,99,77,3.56
413,Havre-Saint-Pierre,CA,2022-02-02 23:01:50,50.2334,-63.5986,26.96,86,100,12.66
414,Tornio,FI,2022-02-02 23:01:50,65.8481,24.1466,5.02,96,100,4.41
415,Zlocieniec,PL,2022-02-02 23:01:51,53.5329,16.0113,29.48,90,92,6.85
416,Namatanai,PG,2022-02-02 23:01:51,-3.6667,152.4333,80.24,80,100,8.14
417,Antalaha,MG,2022-02-02 23:02:51,-14.9003,50.2788,75.16,81,100,3.94
418,Nemuro,JP,2022-02-02 23:02:52,43.3236,145.575,23.36,72,51,7.72
419,Narasannapeta,IN,2022-02-02 23:02:52,18.4167,84.05,68.52,85,51,3.42
420,Itaocara,BR,2022-02-02 23:02:53,-21.6692,-42.0761,72.97,98,100,3.09
421,Leningradskiy,RU,2022-02-02 23:02:53,69.3833,178.4167,-13.59,94,30,9.89
422,Krasnoselkup,RU,2022-02-02 23:01:39,65.7,82.4667,-21.87,100,89,6.22
423,Tessalit,ML,2022-02-02 23:02:53,20.1986,1.0114,61.72,13,0,10.33
424,Wagga Wagga,AU,2022-02-02 23:00:04,-35.1167,147.3667,69.6,52,0,5.5
425,Hirara,JP,2022-02-02 23:02:54,24.8,125.2833,69.66,94,75,6.91
426,Zalesovo,RU,2022-02-02 23:02:54,53.9939,84.7431,-0.87,100,92,1.45
427,Tieli,CN,2022-02-02 23:02:55,46.95,128.05,-18.51,100,100,2.8
428,Martin,US,2022-02-02 23:02:55,27.0837,-80.4164,73.98,71,68,10.6
429,Kalachinsk,RU,2022-02-02 23:02:55,55.0529,74.5751,11.03,89,100,8.77
430,Nagua,DO,2022-02-02 23:02:56,19.3832,-69.8474,72.9,90,16,7.45
431,Vila,PT,2022-02-02 23:02:56,42.0304,-8.1588,43.68,78,96,4.29
432,Kiama,AU,2022-02-02 22:58:09,-34.6833,150.8667,69.58,68,91,5.01
433,San Felipe,VE,2022-02-02 23:02:56,10.3399,-68.7425,73.45,89,87,5.64
434,Strezhevoy,RU,2022-02-02 23:02:57,60.7333,77.5889,21.18,91,100,10.04
435,Luderitz,NA,2022-02-02 23:02:57,-26.6481,15.1594,68.27,78,69,1.88
436,Tutoia,BR,2022-02-02 23:02:57,-2.7619,-42.2744,80.38,78,99,10.69
437,Grindavik,IS,2022-02-02 23:02:58,63.8424,-22.4338,25.27,86,40,6.91
438,Vao,NC,2022-02-02 23:02:58,-22.6667,167.4833,77.83,76,97,14.12
439,Cherskiy,RU,2022-02-02 23:02:58,68.75,161.3,-16.02,67,60,0.94
440,Kushiro,JP,2022-02-02 23:02:59,42.975,144.3747,18.75,83,17,4.45
441,West Wendover,US,2022-02-02 23:02:59,40.7391,-114.0733,29.03,29,55,12.68
442,Sharanga,RU,2022-02-02 23:02:59,57.1775,46.5396,10.18,99,98,4.97
443,Vanimo,PG,2022-02-02 23:03:00,-2.6741,141.3028,78.46,86,99,3.53
444,Saint Simons,US,2022-02-02 23:03:00,31.1352,-81.3901,67.3,83,20,6.91
445,Norsup,VU,2022-02-02 23:03:01,-16.0667,167.3833,83.89,75,70,2.44
446,Marawi,PH,2022-02-02 23:03:01,7.9986,124.2928,66.65,87,99,1.57
447,Nantucket,US,2022-02-02 23:02:04,41.2835,-70.0995,45.14,94,99,12.71
448,Rodez,FR,2022-02-02 23:02:34,44.5,2.5833,41.31,100,100,2.3
449,Torbay,CA,2022-02-02 23:00:13,47.6666,-52.7314,24.58,85,11,1.99
450,Bhainsdehi,IN,2022-02-02 23:03:02,21.6467,77.6325,61.41,38,1,3.96
451,San Pedro,PH,2022-02-02 23:03:02,14.35,121.0167,77.32,77,78,7.78
452,Praia Da Vitoria,PT,2022-02-02 23:03:02,38.7333,-27.0667,57.76,82,30,7.02
453,Bontang,ID,2022-02-02 23:03:03,0.1333,117.5,77.67,81,100,7.7
454,Mwinilunga,ZM,2022-02-02 23:03:03,-11.7358,24.4293,61.0,96,99,1.61
455,Tarragona,ES,2022-02-02 23:03:04,41.129,1.249,55.49,40,2,2.86
456,Pontianak,ID,2022-02-02 23:03:04,-0.0333,109.3333,75.18,94,40,2.3
457,Sitka,US,2022-02-02 23:03:04,57.0531,-135.33,39.09,93,100,5.75
458,Ahipara,NZ,2022-02-02 23:03:05,-35.1667,173.1667,75.31,68,100,13.33
459,Palizada,MX,2022-02-02 23:03:05,18.25,-92.0833,85.98,70,0,4.85
460,Chumikan,RU,2022-02-02 23:03:05,54.7183,135.315,-13.32,87,78,12.41
461,Cidreira,BR,2022-02-02 23:03:06,-30.1811,-50.2056,75.67,84,0,19.15
462,Dudinka,RU,2022-02-02 23:03:06,69.4058,86.1778,-10.86,100,97,4.88
463,Preobrazheniye,RU,2022-02-02 23:04:07,42.9019,133.9064,11.46,69,39,9.28
464,Novooleksiyivka,UA,2022-02-02 23:04:07,46.2269,34.6428,39.29,96,100,4.41
465,Mutsu,JP,2022-02-02 23:04:07,41.2894,141.2169,28.0,80,97,13.56
466,Sembakung,ID,2022-02-02 23:04:08,3.8167,117.25,75.13,98,100,1.01
467,Hesperia,US,2022-02-02 23:04:08,34.4264,-117.3009,55.72,17,0,7.0
468,Kungurtug,RU,2022-02-02 23:04:08,50.5994,97.5228,-18.71,96,45,1.61
469,Opuwo,NA,2022-02-02 23:04:09,-18.0607,13.84,64.11,61,41,2.51
470,Chara,RU,2022-02-02 23:04:09,56.9064,118.2631,-24.66,86,45,0.98
471,Santa Cruz,BO,2022-02-02 23:03:04,-17.8,-63.1667,82.98,56,39,9.86
472,Rioja,AR,2022-02-02 22:59:19,-29.4111,-66.8507,84.07,45,36,6.08
473,Macas,EC,2022-02-02 23:00:17,-2.3167,-78.1167,72.46,79,67,1.68
474,Satun,TH,2022-02-02 23:04:10,6.8333,100.0,75.2,97,41,3.33
475,Caraballeda,VE,2022-02-02 23:04:10,10.6112,-66.8522,80.67,74,75,6.91
476,Coihaique,CL,2022-02-02 23:04:11,-45.5752,-72.0662,64.35,55,75,9.22
477,Barsovo,RU,2022-02-02 23:02:48,61.1667,73.1667,21.33,93,100,12.86
478,Bahia Honda,CU,2022-02-02 23:04:11,22.9036,-83.1592,76.23,70,19,9.04
479,Huesca,ES,2022-02-02 23:04:12,42.1362,-0.4087,54.1,82,0,0.0
480,Lerwick,GB,2022-02-02 23:04:12,60.1545,-1.1494,44.6,91,100,11.59
481,Sisophon,KH,2022-02-02 23:04:12,13.5859,102.9737,76.5,78,68,4.14
482,Merauke,ID,2022-02-02 23:00:51,-8.4667,140.3333,79.07,74,100,5.48
483,Cefalu,IT,2022-02-02 23:04:13,38.0386,14.0229,52.41,78,17,10.0
484,Tecoanapa,MX,2022-02-02 23:03:24,16.5167,-98.75,81.1,58,0,8.99
485,Zykovo,RU,2022-02-02 23:04:13,55.9519,93.1461,-10.01,98,58,3.62
486,Samarai,PG,2022-02-02 23:04:14,-10.6167,150.6667,81.59,75,98,6.58
487,Chapais,CA,2022-02-02 23:04:14,49.7834,-74.8492,11.98,90,100,7.72
488,Gornopravdinsk,RU,2022-02-02 23:04:14,60.05,69.9,22.26,94,100,9.86
489,Harper,LR,2022-02-02 23:04:15,4.375,-7.7169,79.14,80,87,8.34
490,Priiskovyy,RU,2022-02-02 23:04:15,51.9333,116.6333,-29.04,100,57,1.36
491,Vila Franca Do Campo,PT,2022-02-02 23:04:16,37.7167,-25.4333,58.19,80,19,8.57
492,Parabel,RU,2022-02-02 23:04:16,58.6978,81.4825,10.42,94,91,8.25
493,Talcahuano,CL,2022-02-02 22:59:20,-36.7167,-73.1167,64.08,72,0,10.36
494,Diego De Almagro,CL,2022-02-02 23:04:16,-26.3667,-70.05,73.29,24,0,9.62
495,Westport,US,2022-02-02 23:02:12,41.1415,-73.3579,41.07,93,100,3.0
496,Sangar,RU,2022-02-02 23:04:17,63.9242,127.4739,-33.21,100,61,2.98
497,Comodoro Rivadavia,AR,2022-02-02 23:00:00,-45.8667,-67.5,84.06,21,0,14.97
498,Nanakuli,US,2022-02-02 23:04:17,21.3906,-158.1547,82.35,54,0,8.05
499,Netanya,IL,2022-02-02 23:04:18,32.3329,34.8599,52.95,55,80,4.68
500,Creston,US,2022-02-02 23:04:18,41.0586,-94.3614,15.53,56,20,21.85
501,Marzuq,YE,2022-02-02 23:04:19,14.4,46.4667,62.67,45,95,4.05
502,Monrovia,LR,2022-02-02 23:01:10,6.3005,-10.7969,79.65,82,10,8.3
503,Shingu,JP,2022-02-02 23:04:19,33.7333,135.9833,44.91,67,98,5.48
504,Ola,RU,2022-02-02 23:04:20,59.5833,151.2833,11.43,79,100,11.03
505,Gorontalo,ID,2022-02-02 23:04:20,0.5412,123.0595,75.45,85,98,3.74
506,Perugia,IT,2022-02-02 23:04:01,43.05,12.55,47.5,89,0,8.05
507,Erenhot,CN,2022-02-02 23:04:20,43.6475,111.9767,-3.69,94,7,4.43
508,Minot,US,2022-02-02 23:05:21,48.2325,-101.2963,-4.81,59,0,11.5
509,Livingston,GB,2022-02-02 23:05:21,55.9029,-3.5226,47.8,88,100,12.66
510,Tamandare,BR,2022-02-02 23:05:21,-8.7597,-35.1047,80.08,76,25,9.71
511,Sao Felix Do Xingu,BR,2022-02-02 23:05:22,-6.6447,-51.995,73.15,96,68,3.27
512,Iskateley,RU,2022-02-02 23:05:22,67.6803,53.1512,7.47,96,100,7.4
513,Churapcha,RU,2022-02-02 23:05:22,62.0025,132.4325,-41.49,100,82,1.05
514,Lorengau,PG,2022-02-02 23:05:23,-2.0226,147.2712,80.26,80,100,11.54
515,Koungou,YT,2022-02-02 23:05:23,-12.7336,45.2042,78.51,89,0,5.75
516,Geraldton,AU,2022-02-02 23:01:14,-28.7667,114.6,84.61,17,0,24.16
517,Zharkent,KZ,2022-02-02 23:05:24,44.1628,80.0,22.78,67,73,4.43
518,Caravelas,BR,2022-02-02 23:05:24,-17.7125,-39.2481,77.76,86,100,4.99
519,Bogorodskoye,RU,2022-02-02 23:05:24,56.55,37.8833,19.26,96,100,4.5
520,Pervomayskiy,RU,2022-02-02 23:05:25,53.2485,40.2871,13.14,99,100,3.94
521,Matara,LK,2022-02-02 23:05:25,5.9485,80.5353,70.84,89,4,6.53
522,Griffith,US,2022-02-02 23:03:16,41.5284,-87.4237,26.76,90,100,4.0
523,Yuancheng,CN,2022-02-02 23:05:26,36.652,107.7896,15.66,83,27,0.13
524,Walvis Bay,NA,2022-02-02 23:05:26,-22.9575,14.5053,68.09,75,3,8.93
525,Hervey Bay,AU,2022-02-02 23:05:26,-25.2986,152.8535,82.04,80,99,11.99
526,Iqaluit,CA,2022-02-02 23:01:29,63.7506,-68.5145,2.12,97,100,7.56
527,Fenoarivo,MG,2022-02-02 23:05:27,-18.933,47.4354,64.47,82,40,6.91
528,Mustasaari,FI,2022-02-02 23:05:27,63.1142,21.6822,11.34,92,95,1.14
529,Banda Aceh,ID,2022-02-02 23:00:45,5.5577,95.3222,76.93,87,34,7.67
530,Abonnema,NG,2022-02-02 23:05:28,4.7084,6.7931,80.78,72,36,8.12
531,Santa Isabel Do Rio Negro,BR,2022-02-02 23:05:28,-0.4139,-65.0192,78.01,85,96,4.25
532,Wilmington,US,2022-02-02 23:01:56,34.2257,-77.9447,55.9,79,100,4.61
533,Tanete,ID,2022-02-02 23:05:28,-3.9443,119.7848,76.19,93,100,2.55
534,Sinjar,IQ,2022-02-02 23:05:29,36.3209,41.8754,45.16,59,100,5.19
535,Georgiyevka,KZ,2022-02-02 23:05:29,43.0369,74.7114,26.64,93,100,4.47
536,Richards Bay,ZA,2022-02-02 23:04:34,-28.783,32.0377,76.87,83,6,14.92
537,Omboue,GA,2022-02-02 23:02:42,-1.5746,9.2618,77.67,86,86,5.61
538,Davila,PH,2022-02-02 23:05:30,18.4726,120.5763,75.09,73,4,4.61
539,Uray,RU,2022-02-02 23:05:30,60.1247,64.7758,20.68,94,97,8.59
540,Boa Esperanca Do Sul,BR,2022-02-02 23:05:30,-21.9925,-48.3908,68.95,96,100,3.04
541,Zelenoborsk,RU,2022-02-02 23:05:31,61.4669,64.0333,22.96,95,99,7.0
542,Waipawa,NZ,2022-02-02 23:05:31,-41.4122,175.5153,74.03,57,92,12.35
543,Pakxan,LA,2022-02-02 23:05:31,18.3778,103.6601,62.94,89,6,3.53
544,Srandakan,ID,2022-02-02 23:01:33,-7.9386,110.2506,59.74,82,100,3.56
545,El Alto,PE,2022-02-02 23:05:32,-4.2714,-81.2147,76.66,69,14,21.74
546,Segamat,MY,2022-02-02 23:01:18,2.5148,102.8158,72.21,97,50,3.2
547,Wuwei,CN,2022-02-02 23:05:32,37.9281,102.6414,18.1,42,7,4.81
548,Batocina,RS,2022-02-02 23:05:33,44.1536,21.0817,43.95,89,99,14.56
549,Puke,AL,2022-02-02 23:05:33,42.0444,19.8997,28.18,76,13,6.04
550,Bandarban,BD,2022-02-02 23:05:33,22.1965,92.2262,53.96,70,0,3.18
551,Necochea,AR,2022-02-02 23:01:31,-38.5473,-58.7368,81.61,52,100,9.86
552,Howard Springs,AU,2022-02-02 23:05:34,-12.497,131.047,81.82,98,100,9.44
553,Odenthal,DE,2022-02-02 23:05:34,51.0348,7.1182,49.42,91,75,5.75
554,Lazaro Cardenas,MX,2022-02-02 23:05:35,17.9583,-102.2,79.56,57,0,8.3
555,Champerico,GT,2022-02-02 23:06:35,14.3,-91.9167,84.76,61,2,9.31
556,Aklavik,CA,2022-02-02 23:06:35,68.2191,-135.0107,-22.16,97,100,2.59
557,Vazante,BR,2022-02-02 23:06:36,-17.9869,-46.9078,71.69,90,94,2.17
558,Bulaevo,KZ,2022-02-02 23:06:36,54.9056,70.4439,19.18,95,100,8.1
559,Yumen,CN,2022-02-02 23:06:36,40.2833,97.2,20.8,37,100,10.2
560,Mandera,KE,2022-02-02 23:06:08,3.9366,41.867,83.32,34,96,7.02
561,Pedernales,DO,2022-02-02 23:06:37,18.0384,-71.744,79.12,71,14,2.64
562,Yangambi,CD,2022-02-02 23:06:37,0.8102,24.4336,74.07,68,99,2.89
563,Ust-Nera,RU,2022-02-02 23:06:38,64.5667,143.2,-18.31,100,92,2.64
564,Poronaysk,RU,2022-02-02 23:06:38,49.2167,143.1167,-0.76,90,40,7.14
565,Da Lat,VN,2022-02-02 23:06:38,11.9465,108.4419,55.38,88,19,2.64
566,Hauterive,FR,2022-02-02 23:06:39,46.0901,3.4459,43.75,95,42,2.59
567,Shimoda,JP,2022-02-02 23:06:39,34.6667,138.95,43.11,61,48,21.54
568,Xiaolan,CN,2022-02-02 23:06:39,22.6731,113.2295,49.95,78,100,10.56
569,Goundam,ML,2022-02-02 23:06:40,16.4145,-3.6708,67.05,13,45,9.71
570,Sao Borja,BR,2022-02-02 23:05:22,-28.6606,-56.0044,87.94,18,8,5.53
571,Hanting,CN,2022-02-02 23:06:40,36.7708,119.2108,25.34,30,1,3.94
